building_id,name,height_m,height_source,height_uncertainty_m,footprint_area_m2
way/265575547,第五教学楼,16.5,OSM levels times assumed floor height,2.5,2812.021866397161
way/265575551,第一教学楼,13.2,OSM levels times assumed floor height,2.0,3280.1764479439717
way/266575692,,12.0,"assumed default scenario, no measured height",6.0,1271.2336118544806
way/267624861,东区学生活动中心,19.799999999999997,OSM levels times assumed floor height,3.0,2809.1117426590467
way/267624862,,12.0,"assumed default scenario, no measured height",6.0,940.664590317805
way/267624863,320#,12.0,"assumed default scenario, no measured height",6.0,1280.0046660099263
way/267624864,321#,12.0,"assumed default scenario, no measured height",6.0,1004.4626809712826
way/267624865,322#,12.0,"assumed default scenario, no measured height",6.0,904.2222743604898
way/267624866,323#,12.0,"assumed default scenario, no measured height",6.0,979.3709695652724
way/267646978,高科技广场（北区）,12.0,"assumed default scenario, no measured height",6.0,1609.5571127376138
way/267646979,科研楼,12.0,"assumed default scenario, no measured height",6.0,2358.823481022406
way/267646980,水上报告厅,12.0,"assumed default scenario, no measured height",6.0,718.5268582587616
way/268207470,USTC1958（东区）,12.0,"assumed default scenario, no measured height",6.0,168.4402346283299
way/268836823,高科技广场（南区）,12.0,"assumed default scenario, no measured height",6.0,1696.1846813437662
way/268836824,高科技广场（南区）,12.0,"assumed default scenario, no measured height",6.0,2003.6738622038838
way/270048432,,19.799999999999997,OSM levels times assumed floor height,3.0,1040.1312051796301
way/270048433,,12.0,"assumed default scenario, no measured height",6.0,1049.5982246068415
way/270048434,,12.0,"assumed default scenario, no measured height",6.0,718.3121871944219
way/270334645,物理楼,12.0,"assumed default scenario, no measured height",6.0,1189.4623262885507
way/270334647,陶瓷艺术中心,12.0,"assumed default scenario, no measured height",6.0,209.82699352219709
way/270334648,学生服务中心,12.0,"assumed default scenario, no measured height",6.0,905.9896824766275
way/270334649,国际学院（国际合作与交流部）,12.0,"assumed default scenario, no measured height",6.0,873.0985426145901
way/270537512,教学行政楼,12.0,"assumed default scenario, no measured height",6.0,1431.1251902881215
way/270537513,管理科学教学科研楼,12.0,"assumed default scenario, no measured height",6.0,1451.0412654108113
way/270537514,管理学院MBA中心,12.0,"assumed default scenario, no measured height",6.0,484.92489740691383
way/270537516,,12.0,"assumed default scenario, no measured height",6.0,1311.280315311025
way/271365631,行政楼,12.0,"assumed default scenario, no measured height",6.0,999.1936948965047
way/271365634,校史馆,12.0,"assumed default scenario, no measured height",6.0,1043.2409015566473
way/271365637,服务楼,12.0,"assumed default scenario, no measured height",6.0,644.0493805269512
way/271958257,第二教学楼,26.4,OSM levels times assumed floor height,4.0,1626.4702539493012
way/271958258,原第四教学楼（东北楼）,12.0,"assumed default scenario, no measured height",6.0,890.1972902418127
way/271958260,215#,12.0,"assumed default scenario, no measured height",6.0,932.1563840931808
way/271958261,,12.0,"assumed default scenario, no measured height",6.0,383.24058290305146
way/271958262,,12.0,"assumed default scenario, no measured height",6.0,125.36388633670862
way/271958263,档案馆,12.0,"assumed default scenario, no measured height",6.0,1034.3550352712136
way/271958264,浴室,12.0,"assumed default scenario, no measured height",6.0,213.42582354872167
way/271958265,,12.0,"assumed default scenario, no measured height",6.0,103.3131310799258
way/271958268,原第四教学楼（西北楼）,12.0,"assumed default scenario, no measured height",6.0,946.0914887141168
way/271958271,礼堂,12.0,"assumed default scenario, no measured height",6.0,3508.956139829159
way/271959067,羽毛球馆,12.0,"assumed default scenario, no measured height",6.0,1151.7983342249615
way/271959068,研究生公寓 364# 365#,12.0,"assumed default scenario, no measured height",6.0,2475.5583461154965
way/284161540,东区老图书馆,12.0,"assumed default scenario, no measured height",6.0,2076.1587917251427
way/284161541,东区图书馆,19.799999999999997,OSM levels times assumed floor height,3.0,3278.335012966538
way/284161542,东区学生食堂,12.0,"assumed default scenario, no measured height",6.0,2906.445701863772
way/285860077,门诊部,12.0,"assumed default scenario, no measured height",6.0,2573.488423423156
way/285860078,门岗,12.0,"assumed default scenario, no measured height",6.0,224.44240119253197
way/285860079,化学品存放仓库,12.0,"assumed default scenario, no measured height",6.0,445.0184724276139
way/290097996,学生公寓 366#,12.0,"assumed default scenario, no measured height",6.0,878.4281141340898
way/290097997,学生公寓 367#,12.0,"assumed default scenario, no measured height",6.0,775.7937518456622
way/290097998,,12.0,"assumed default scenario, no measured height",6.0,583.259714803289
way/290097999,化学与材料科学学院,12.0,"assumed default scenario, no measured height",6.0,1276.798786694343
way/290098001,计算小楼,12.0,"assumed default scenario, no measured height",6.0,971.7739519611716
way/298741849,1#,12.0,"assumed default scenario, no measured height",6.0,929.4967827892056
way/298741850,2#,12.0,"assumed default scenario, no measured height",6.0,922.5487429558398
way/298742273,环境与资源楼,12.0,"assumed default scenario, no measured height",6.0,4149.506397565426
way/298766164,数学科学学院,12.0,"assumed default scenario, no measured height",6.0,1223.7972261091022
way/298766431,近代物理系,12.0,"assumed default scenario, no measured height",6.0,1507.999669741966
way/298766878,能源保障中心,12.0,"assumed default scenario, no measured height",6.0,366.3554888251786
way/298813543,中科大东区正门,12.0,"assumed default scenario, no measured height",6.0,107.49112747646063
way/306371639,高科技广场（北区）,12.0,"assumed default scenario, no measured height",6.0,1497.041307005044
way/306371640,校车队,12.0,"assumed default scenario, no measured height",6.0,568.823865684968
way/306371641,,12.0,"assumed default scenario, no measured height",6.0,552.6481633570787
way/306371643,,12.0,"assumed default scenario, no measured height",6.0,171.03334178006588
way/306371644,,12.0,"assumed default scenario, no measured height",6.0,153.25350257480997
way/334120281,,12.0,"assumed default scenario, no measured height",6.0,322.7945209078563
way/334120282,,12.0,"assumed default scenario, no measured height",6.0,338.1338455379575
way/334120554,,12.0,"assumed default scenario, no measured height",6.0,36.599802768564885
way/334120555,,12.0,"assumed default scenario, no measured height",6.0,33.86120661529091
way/334120556,,12.0,"assumed default scenario, no measured height",6.0,546.5992147953955
way/334120557,,12.0,"assumed default scenario, no measured height",6.0,581.9623854579006
way/511953793,国家电网安徽合肥供电公司,12.0,"assumed default scenario, no measured height",6.0,2175.7647539954064
way/686068242,物质科学教研A楼,29.7,OSM levels times assumed floor height,4.5,2223.598616349311
way/686068854,物质科学教研B楼,52.8,OSM levels times assumed floor height,8.0,2509.228187573874
way/686069052,物质科学教研C楼,52.8,OSM levels times assumed floor height,8.0,2247.3896151895547
way/686072850,化学与材料科学学院行政楼,12.0,"assumed default scenario, no measured height",6.0,292.80121193495904
way/1135310336,人文与社会科学学院,12.0,"assumed default scenario, no measured height",6.0,1519.8860212791146
way/1135310337,少年班学院,12.0,"assumed default scenario, no measured height",6.0,533.2959546333417
way/1135310338,地球和空间科学前沿研究中心,12.0,"assumed default scenario, no measured height",6.0,7371.075971768929
way/1135310341,理化大楼,12.0,"assumed default scenario, no measured height",6.0,4678.966254922288
way/1135310342,可再生资源与洁净能源实验室,12.0,"assumed default scenario, no measured height",6.0,846.5160794798466
way/1135310347,单分子科学楼,12.0,"assumed default scenario, no measured height",6.0,1507.0815289144966
way/1135310348,化学实验楼,12.0,"assumed default scenario, no measured height",6.0,558.2291126555946
way/1135310349,急诊部,12.0,"assumed default scenario, no measured height",6.0,274.1924335376977
way/1135310350,中国科学技术大学老北门,12.0,"assumed default scenario, no measured height",6.0,84.03147976224331
way/1135310352,47#,12.0,"assumed default scenario, no measured height",6.0,738.6822366495041
way/1135310354,,12.0,"assumed default scenario, no measured height",6.0,388.0930559658323
way/1135310355,35#,12.0,"assumed default scenario, no measured height",6.0,604.2907639589533
way/1135310357,36#,12.0,"assumed default scenario, no measured height",6.0,285.907548406479
way/1135310358,37#,12.0,"assumed default scenario, no measured height",6.0,747.0055652936553
way/1135310359,38#,12.0,"assumed default scenario, no measured height",6.0,456.7244904165941
way/1135310360,39#,12.0,"assumed default scenario, no measured height",6.0,416.68460382052126
way/1135310364,固态量子芯片实验室,12.0,"assumed default scenario, no measured height",6.0,486.948883714796
way/1135310365,23#,12.0,"assumed default scenario, no measured height",6.0,377.9509429078337
way/1135310366,24#,12.0,"assumed default scenario, no measured height",6.0,168.86039255686939
way/1135360036,12#,12.0,"assumed default scenario, no measured height",6.0,543.4893213340215
way/1135360037,19#,12.0,"assumed default scenario, no measured height",6.0,627.7325643930801
way/1135360038,13#,12.0,"assumed default scenario, no measured height",6.0,488.86072354777684
way/1135360039,20#,12.0,"assumed default scenario, no measured height",6.0,539.1842234001244
way/1135360044,14#,12.0,"assumed default scenario, no measured height",6.0,409.4559479061502
way/1135360045,21#,12.0,"assumed default scenario, no measured height",6.0,837.6328721471857
way/1135360046,退休教职工活动中心,12.0,"assumed default scenario, no measured height",6.0,200.53986800431284
way/1135360047,41#,12.0,"assumed default scenario, no measured height",6.0,416.45655306535593
way/1135360048,42#,12.0,"assumed default scenario, no measured height",6.0,654.3407137862139
way/1135360049,43#,12.0,"assumed default scenario, no measured height",6.0,297.0469224212957
way/1135360050,44#,12.0,"assumed default scenario, no measured height",6.0,705.5898764140247
way/1135360051,45#,12.0,"assumed default scenario, no measured height",6.0,734.7299947476658
way/1135360053,裙楼,12.0,"assumed default scenario, no measured height",6.0,644.7150578280975
way/1135360055,27#,12.0,"assumed default scenario, no measured height",6.0,405.84860100993666
way/1135360056,25#,12.0,"assumed default scenario, no measured height",6.0,387.7318807438243
way/1135360057,28#,12.0,"assumed default scenario, no measured height",6.0,516.6716903997888
way/1135360058,26#,12.0,"assumed default scenario, no measured height",6.0,420.6486687608481
way/1135360059,29#,12.0,"assumed default scenario, no measured height",6.0,450.5651559870792
way/1135360060,33#,12.0,"assumed default scenario, no measured height",6.0,487.27618926941756
way/1135360061,30#,12.0,"assumed default scenario, no measured height",6.0,750.0833589421775
way/1135360062,34#,12.0,"assumed default scenario, no measured height",6.0,217.3958345355528
way/1135360065,67#,12.0,"assumed default scenario, no measured height",6.0,865.8694279317095
way/1135360066,68#,12.0,"assumed default scenario, no measured height",6.0,244.07948241182
way/1135360067,69#,12.0,"assumed default scenario, no measured height",6.0,567.6301287118124
way/1135360068,体育教学部,12.0,"assumed default scenario, no measured height",6.0,810.0158564380663
way/1135360069,48#,12.0,"assumed default scenario, no measured height",6.0,276.98037895180056
way/1135360070,49#,12.0,"assumed default scenario, no measured height",6.0,471.2047453017539
way/1135360071,50#,12.0,"assumed default scenario, no measured height",6.0,533.5573578860805
way/1135360072,53#,12.0,"assumed default scenario, no measured height",6.0,803.8324813953506
way/1135360073,51#,12.0,"assumed default scenario, no measured height",6.0,291.78217162461146
way/1135360074,71#,12.0,"assumed default scenario, no measured height",6.0,684.2829673991472
way/1135360075,72#,12.0,"assumed default scenario, no measured height",6.0,552.511641486883
way/1135360076,73#,12.0,"assumed default scenario, no measured height",6.0,555.0648174394179
way/1135360077,74#,12.0,"assumed default scenario, no measured height",6.0,617.1923839141058
way/1135360078,75#,12.0,"assumed default scenario, no measured height",6.0,853.6930464175986
way/1135360079,77#,12.0,"assumed default scenario, no measured height",6.0,172.03805073737536
way/1135360080,76#,12.0,"assumed default scenario, no measured height",6.0,207.82137274986297
way/1135360081,80#,12.0,"assumed default scenario, no measured height",6.0,880.6869960540445
way/1135360082,79#,12.0,"assumed default scenario, no measured height",6.0,852.6962444961298
way/1135360083,78#,12.0,"assumed default scenario, no measured height",6.0,1050.5211606259438
way/1135360084,62#,12.0,"assumed default scenario, no measured height",6.0,250.47104271411652
way/1135360085,59#,12.0,"assumed default scenario, no measured height",6.0,552.4311502868204
way/1135360086,60#,12.0,"assumed default scenario, no measured height",6.0,650.5415824851218
way/1135360087,61#,12.0,"assumed default scenario, no measured height",6.0,456.7092231885307
way/1135360088,65#,12.0,"assumed default scenario, no measured height",6.0,492.6292450441726
way/1135360089,64#,12.0,"assumed default scenario, no measured height",6.0,486.53253541136
way/1135360090,52#,12.0,"assumed default scenario, no measured height",6.0,278.2725629104517
way/1135360091,57#,12.0,"assumed default scenario, no measured height",6.0,487.017367996683
way/1135360092,58#,12.0,"assumed default scenario, no measured height",6.0,277.7137435664428
way/1135360093,63#,12.0,"assumed default scenario, no measured height",6.0,253.56610462425286
way/1135725449,天文学系天文台,12.0,"assumed default scenario, no measured height",6.0,859.3340885762694
way/1135842417,Cu放射源,12.0,"assumed default scenario, no measured height",6.0,76.68305132730934
